epoch,margin,train_arcface_loss,sameid_val_arcface_loss,raw_train_acc,raw_sameid_val_acc,margin_train_acc,margin_sameid_val_acc,raw_acc_generalization_gap,margin_acc_generalization_gap,arcface_loss_generalization_gap,test_retrieval_rank1,test_retrieval_retrieval_error,test_retrieval_genuine_cos_mean,test_retrieval_genuine_cos_std,test_retrieval_impostor_cos_mean,test_retrieval_impostor_cos_std,test_retrieval_cosine_mean_gap,lr,epoch_time_sec,time_min_total
1,0.0,6.314426845167946,4.282295580104027,0.07105719237435008,0.1708051166290444,0.0660085901589933,0.1708051166290444,-0.09974792425469432,-0.10479652647005111,-2.032131265063919,0.08721804511278196,0.912781954887218,0.799774169921875,0.08881936967372894,0.5999637842178345,0.1322472095489502,0.19981038570404053,0.0002983246239337692,41.806490898132324,0.6967857321103413
2,0.0,2.926426950822212,3.13837528569614,0.413910029387386,0.35741158765989467,0.3989902795569286,0.35741158765989467,0.056498441727491355,0.04157869189703395,0.21194833487392817,0.1368421052631579,0.8631578947368421,0.7337247729301453,0.09235148131847382,0.5322698354721069,0.10380268841981888,0.20145493745803833,0.00029333592086792107,36.87813401222229,1.3151631832122803
3,0.0,1.390148754055557,2.564053997946826,0.7175796850275036,0.4672686230248307,0.7043930374500791,0.4672686230248307,0.2503110620026729,0.2371244144252484,1.173905243891269,0.18421052631578946,0.8157894736842105,0.7064794301986694,0.09711875021457672,0.5052765011787415,0.0906473770737648,0.20120292901992798,0.0002851453301853628,37.16359305381775,1.9383314649264018
4,0.0,0.615662817224365,2.230395204057543,0.8874990580966016,0.5357411587659895,0.879587069550147,0.5357411587659895,0.3517578993306121,0.3438459107841575,1.614732386833178,0.20300751879699247,0.7969924812030076,0.6818619966506958,0.09828945994377136,0.4939699172973633,0.07493392378091812,0.18789207935333252,0.0002739358161473992,38.29325222969055,2.579226799805959
5,0.0,0.26497411585529623,2.0587016795253827,0.9602140004521136,0.5598194130925508,0.9563710345866928,0.5598194130925508,0.4003945873595628,0.396551621494142,1.7937275636700865,0.22330827067669173,0.7766917293233082,0.6731219291687012,0.09925235062837601,0.48855969309806824,0.07091624289751053,0.18456223607063293,0.00025995778077447383,43.332348108291626,3.304153533776601
6,0.05,1.059828828196942,4.197913385137209,0.9663175344736644,0.5703536493604213,0.7550297641473891,0.3039879608728367,0.3959638851132431,0.4510418032745524,3.1380845569402673,0.24736842105263157,0.7526315789473684,0.6677578091621399,0.10087163001298904,0.4953406751155853,0.06371151655912399,0.17241713404655457,0.00024352347027880995,51.230560064315796,4.16024949947993
7,0.1,2.073870128222053,6.2446604033356055,0.9767161479918619,0.6222723852520692,0.5072714942355512,0.1948833709556057,0.3544437627397927,0.3123881232799455,4.170790275113553,0.27518796992481204,0.7248120300751879,0.6624419689178467,0.10405701398849487,0.49152737855911255,0.059953682124614716,0.17091459035873413,0.00022499999999999994,50.24077582359314,4.998645929495494
8,0.15,2.4516359056257624,8.02931196730867,0.9887725114912215,0.6704288939051919,0.46334111973476,0.14973664409330323,0.3183436175860296,0.31360447564145677,5.577676061682908,0.3360902255639098,0.6639097744360902,0.6488763689994812,0.11125791072845459,0.4740546643733978,0.054894428700208664,0.17482170462608337,0.0002048011536549592,44.08213782310486,5.734397546450297
9,0.2,2.5380970520528026,9.354104282445169,0.9955542159596111,0.7163280662151994,0.47426719915605453,0.1489841986455982,0.27922614974441173,0.32528300051045633,6.8160072303923664,0.38571428571428573,0.6142857142857143,0.6452654004096985,0.11574942618608475,0.4651238024234772,0.0521312914788723,0.1801415979862213,0.00018337814009344712,46.20139789581299,6.505458315213521
10,0.25,2.3805392439368442,11.260972422706713,0.99849295456258,0.7223476297968398,0.5145806646070379,0.12490594431903687,0.2761453247657403,0.389674720288001,8.880433178769868,0.4052631578947368,0.5947368421052632,0.642913281917572,0.12241371721029282,0.4541172683238983,0.05192945525050163,0.1887960135936737,0.00016120951403796364,44.98897695541382,7.256377232074738
11,0.25,1.0342840054105071,10.421541757203297,0.999698590912516,0.744168547780286,0.7829854570115289,0.17005267118133935,0.25553004313223004,0.6129327858301895,9.38725775179279,0.42105263157894735,0.5789473684210527,0.6380423903465271,0.13042645156383514,0.447708398103714,0.05304894968867302,0.1903339922428131,0.0001387904859620364,47.487029790878296,8.048869748910269
12,0.25,0.4534188207809033,9.998686328339703,0.999698590912516,0.746425884123401,0.9098033305704167,0.20617005267118135,0.25327270678911495,0.7036332778992354,9.5452675075588,0.4421052631578947,0.5578947368421052,0.6334106922149658,0.13340087234973907,0.44095125794410706,0.05297716334462166,0.19245943427085876,0.00011662185990655284,46.281445264816284,8.821336317062379
13,0.25,0.2071962533234454,9.700972556350283,0.9999246477281291,0.7539503386004515,0.9613442845301786,0.2310007524454477,0.2459743091276776,0.7303435320847309,9.493776303026838,0.45263157894736844,0.5473684210526315,0.6352667212486267,0.13473495841026306,0.44080850481987,0.05364936962723732,0.1944582164287567,9.519884634504074e-05,47.392072916030884,9.612246366341909
14,0.25,0.10945340248937659,9.625284326982463,1.0,0.7539503386004515,0.9817647502072188,0.23325808878856283,0.24604966139954854,0.748506661418656,9.515830924493086,0.4639097744360902,0.5360902255639097,0.6356701850891113,0.1343776136636734,0.4400918483734131,0.05360141396522522,0.19557833671569824,7.500000000000003e-05,48.324543952941895,10.420249215761821
15,0.25,0.06022403273731751,9.571654589576234,1.0,0.7607223476297968,0.9915605455504484,0.2400300978179082,0.23927765237020315,0.7515304477325402,9.511430556838917,0.456390977443609,0.543609022556391,0.6354045271873474,0.13528519868850708,0.4398723244667053,0.053709518164396286,0.1955322027206421,5.647652972118998e-05,48.28086185455322,11.226319448153179
16,0.25,0.03684342902306156,9.48244145653856,0.9999246477281291,0.7652370203160271,0.9962323864064502,0.24153498871331827,0.23468762741210192,0.7546973976931319,9.445598027515498,0.4631578947368421,0.5368421052631579,0.6358857750892639,0.1355409175157547,0.4393276870250702,0.0536188930273056,0.19655808806419373,4.004221922552605e-05,48.66442894935608,12.03974481423696
17,0.25,0.02441057801851852,9.440196721871335,1.0,0.7607223476297968,0.998040840931354,0.23777276147479307,0.23927765237020315,0.7602680794565609,9.415786143852817,0.4616541353383459,0.5383458646616541,0.6365602016448975,0.13534991443157196,0.4399402141571045,0.05330420657992363,0.19661998748779297,2.606418385260075e-05,49.91249394416809,12.874397019545237
18,0.25,0.019538291711810755,9.40298812025198,1.0,0.7652370203160271,0.9987190113781931,0.24153498871331827,0.23476297968397286,0.7571840226648748,9.383449828540169,0.46766917293233085,0.5323308270676692,0.6350595951080322,0.13590344786643982,0.4375389814376831,0.05321124568581581,0.19752061367034912,1.4854669814637144e-05,48.600866079330444,13.685480332374572
19,0.25,0.017893392558141315,9.39735426303585,1.0,0.7607223476297968,0.9991711250094191,0.24379232505643342,0.23927765237020315,0.7553787999529856,9.37946087047771,0.46691729323308273,0.5330827067669173,0.6338834166526794,0.13627943396568298,0.43600425124168396,0.053196270018815994,0.19787916541099548,6.664079132078915e-06,48.991801023483276,14.503166584173838
20,0.25,0.014516798759016993,9.407353213176053,1.0,0.7622272385252069,0.9996232386406451,0.24303987960872836,0.2377727614747931,0.7565833590319166,9.392836414417037,0.46616541353383456,0.5338345864661654,0.6355932950973511,0.1358814686536789,0.43845680356025696,0.053035296499729156,0.19713649153709412,1.6753760662307215e-06,49.47662377357483,15.328878279527029
21,0.25,0.014884930782491122,9.407037201817543,1.0,0.7622272385252069,0.999397181825032,0.24454477050413845,0.2377727614747931,0.7548524113208935,9.392152271035052,0.46691729323308273,0.5330827067669173,0.636112630367279,0.13553786277770996,0.43895307183265686,0.05304069072008133,0.1971595585346222,0.0,50.73622393608093,16.175762379169463
