epoch,train_loss,train_stack1_loss,train_stack2_loss,val_loss,val_stack1_loss,val_stack2_loss,val_nme_stack1,val_nme_stack2,val_nme,stack2_nme_improvement_over_stack1,valid_nme_samples,learning_rate,elapsed_seconds
1.0,0.002434291495049062,0.001205586635779279,0.001228704864029876,0.00044535264075966553,0.0002532408984261565,0.00019211174367228523,0.03927263990044594,0.03894020617008209,0.03894020617008209,0.0003324337303638458,4000.0,0.0002,189.0996537430001
2.0,0.0004475039477240191,0.00024610412139251515,0.00020139982608897197,0.00047053672675974664,0.00020963917989865876,0.00026089754697750323,0.03508109226822853,0.03536105528473854,0.03536105528473854,-0.00027996301651000977,4000.0,0.0002,159.14642382800002
3.0,0.00038487295686112096,0.00020577222211027725,0.00017910073459562328,0.00032364554959349334,0.00018294070157571696,0.0001407048491819296,0.03422906622290611,0.033974021673202515,0.033974021673202515,0.000255044549703598,4000.0,0.0002,158.51080583500016
4.0,0.0003439643857159859,0.0001817069841167217,0.00016225740182886108,0.0004710043992381543,0.000165460141870426,0.00030554425745503975,0.033231981098651886,0.033067137002944946,0.033067137002944946,0.0001648440957069397,4000.0,0.0002,159.322679291
5.0,0.00032103273624347315,0.00016793579423554346,0.0001530969421033256,0.00047787509521003815,0.00019548545134603047,0.00028238964328193106,0.03359384462237358,0.033629562705755234,0.033629562705755234,-3.571808338165283e-05,4000.0,0.0002,159.55192630500005
6.0,0.0003004087137782739,0.0001564312375202361,0.000143977476416492,0.00035284117702394726,0.00013439200703578536,0.00021844917055568658,0.033575862646102905,0.03378117084503174,0.03378117084503174,-0.000205308198928833,4000.0,0.0002,160.97466703100008
7.0,0.00028638333067323806,0.0001489794144468356,0.00013740391620376612,0.00030897772591561076,0.00014198922431387474,0.00016698850112152285,0.03401961550116539,0.03386303782463074,0.03386303782463074,0.0001565776765346527,4000.0,0.0002,160.14295469400008
8.0,0.00028084814863460554,0.00014623764607111096,0.000134610502852916,0.00023507298607728443,0.0001222785213321913,0.00011279446448315866,0.03322277590632439,0.03309880942106247,0.03309880942106247,0.00012396648526191711,4000.0,0.0001,159.3588858789999
9.0,0.000235746604435715,0.00012245098437415437,0.00011329561995969723,0.00018469033710425718,9.471708654018585e-05,8.997325057134731e-05,0.03137732669711113,0.031182853505015373,0.031182853505015373,0.00019447319209575653,4000.0,0.0001,159.57664076899982
10.0,0.0002315831571241789,0.00012013949093104909,0.00011144366642272669,0.00019217361448681914,9.80580051400466e-05,9.411560939770424e-05,0.03178876265883446,0.0314117968082428,0.0314117968082428,0.00037696585059165955,4000.0,0.0001,159.7494442699999
11.0,0.0002279881877637106,0.00011835581584859433,0.00010963237164994805,0.00020014731347328053,9.931016295740847e-05,0.00010083715096698143,0.031504061073064804,0.031261421740055084,0.031261421740055084,0.00024263933300971985,4000.0,0.0001,159.53807017200006
12.0,0.0002253342112720323,0.00011718844154933726,0.00010814576989893492,0.0001879240153793944,9.548237610579235e-05,9.24416389025282e-05,0.03150053322315216,0.031058475375175476,0.031058475375175476,0.00044205784797668457,4000.0,0.0001,159.92966489800028
13.0,0.00022543261191781817,0.00011722912675112538,0.00010820348540922472,0.00018275192474538927,9.494118180009536e-05,8.78107430471573e-05,0.031200073659420013,0.031067488715052605,0.031067488715052605,0.00013258494436740875,4000.0,0.0001,160.6358115969997
14.0,0.00022338576355185877,0.000116098601007252,0.00010728716278067118,0.000183005238417536,9.194643584487494e-05,9.105880283459555e-05,0.031269557774066925,0.030936067923903465,0.030936067923903465,0.0003334898501634598,4000.0,0.0001,160.72031706300004
15.0,0.00022263954937160532,0.00011574570676829252,0.00010689384268900742,0.0001880744816735387,9.77243591187289e-05,9.035012252570596e-05,0.03125641122460365,0.031193092465400696,0.031193092465400696,6.331875920295715e-05,4000.0,0.0001,160.7641628030001
16.0,0.0002201393932045903,0.00011436148439436996,0.00010577790882477226,0.00017783453306765296,9.103076458268333e-05,8.680376818665536e-05,0.031244708225131035,0.031016310676932335,0.031016310676932335,0.00022839754819869995,4000.0,0.0001,162.06054418600024
17.0,0.0002214155250662265,0.0001149406511993018,0.00010647487374565875,0.00018624215456657111,9.446706005837768e-05,9.177509379514959e-05,0.031077982857823372,0.031059671193361282,0.031059671193361282,1.831166446208954e-05,4000.0,0.0001,161.4064675310001
18.0,0.00021761171360332,0.00011299238449201867,0.00010461932884936687,0.00018393751120311208,9.487300550244981e-05,8.906450575159397e-05,0.03147829696536064,0.03131650760769844,0.03131650760769844,0.00016178935766220093,4000.0,5e-05,160.64293071999964
19.0,0.00019747882448266157,0.0001023091174316101,9.516970715857395e-05,0.000166330267500598,8.533629887824645e-05,8.099396860052366e-05,0.030482923611998558,0.03048642724752426,0.03048642724752426,-3.50363552570343e-06,4000.0,5e-05,160.8906608919997
20.0,0.0001948322014326954,0.00010083094988416027,9.400125171749904e-05,0.00016970991689595395,8.740780845255359e-05,8.230210770852863e-05,0.030394382774829865,0.03045119345188141,0.03045119345188141,-5.681067705154419e-05,4000.0,5e-05,160.78207230999942
21.0,0.00019432093847879313,0.00010052378626197525,9.379715199692226e-05,0.00016253530835092533,8.171640125510748e-05,8.081890724861296e-05,0.030088262632489204,0.02993796579539776,0.02993796579539776,0.00015029683709144592,4000.0,5e-05,160.56197729300038
22.0,0.00019379562824097877,0.00010025228986827035,9.35433384357667e-05,0.00016031207001651637,8.167259704350727e-05,7.863947294390527e-05,0.03000890277326107,0.02989509142935276,0.02989509142935276,0.00011381134390830994,4000.0,5e-05,159.44165658200018
23.0,0.0001928849957184866,9.973429155717087e-05,9.315070404570886e-05,0.0001613352148415288,8.204747794661671e-05,7.928773669846123e-05,0.030072657391428947,0.0298859104514122,0.0298859104514122,0.00018674694001674652,4000.0,5e-05,160.8473214659998
24.0,0.0001920201229901674,9.933482828233132e-05,9.268529469490103e-05,0.00016216569827520288,8.230675652885111e-05,7.985894195007859e-05,0.030081642791628838,0.02984248846769333,0.02984248846769333,0.00023915432393550873,4000.0,5e-05,160.39186936899932
25.0,0.00019067146142414358,9.858495884206302e-05,9.208650254812609e-05,0.00015512403911270667,7.975007975619519e-05,7.537395969120553e-05,0.029617102816700935,0.029652992263436317,0.029652992263436317,-3.588944673538208e-05,4000.0,5e-05,160.91586431900032
26.0,0.00019023400570020182,9.839493410254363e-05,9.183907171245664e-05,0.0001748659492004663,8.811323987902142e-05,8.675270945241209e-05,0.030916715040802956,0.030839474871754646,0.030839474871754646,7.724016904830933e-05,4000.0,5e-05,160.1616630969993
27.0,0.00019069379486932626,9.860373409820669e-05,9.209006057386028e-05,0.00015986023035657125,8.111295472190249e-05,7.874727510352386e-05,0.029755638912320137,0.029868964105844498,0.029868964105844498,-0.00011332519352436066,4000.0,5e-05,160.77203015600026
28.0,0.0001911561066161893,9.875296839972078e-05,9.240313805316368e-05,0.0001641280570765957,8.32584552190383e-05,8.086960221407935e-05,0.030110076069831848,0.02993338741362095,0.02993338741362095,0.00017668865621089935,4000.0,5e-05,160.76723978500013
29.0,0.00018967323495113912,9.809858779287122e-05,9.157464718413797e-05,0.000155382657845621,7.998338501056424e-05,7.539927260222613e-05,0.030070140957832336,0.029877128079533577,0.029877128079533577,0.00019301287829875946,4000.0,2.5e-05,160.03186627000014
30.0,0.0001784406948588892,9.213860417932867e-05,8.63020904329864e-05,0.00015065621939720585,7.726178789016558e-05,7.339443135424517e-05,0.02950393594801426,0.029255708679556847,0.029255708679556847,0.0002482272684574127,4000.0,2.5e-05,159.91254130500056
